MAC000002,2015-01-26 0:00:00,0.506767074650312
MAC000002,2015-01-26 1:00:00,0.4184297979626142
MAC000002,2015-01-26 2:00:00,0.30705339220078315
MAC000002,2015-01-26 3:00:00,0.24097298871733575
MAC000002,2015-01-26 4:00:00,0.2237420562754127
MAC000002,2015-01-26 5:00:00,0.21970787370012973
MAC000002,2015-01-26 6:00:00,0.21678208945434368
MAC000002,2015-01-26 7:00:00,0.22740146543896797
MAC000002,2015-01-26 8:00:00,0.28311779505637186
MAC000002,2015-01-26 9:00:00,0.4003604969338383
MAC000002,2015-01-26 10:00:00,0.4541618193633229
MAC000002,2015-01-26 11:00:00,0.4490641360827778
MAC000002,2015-01-26 12:00:00,0.4620132147066395
MAC000002,2015-01-26 13:00:00,0.4276170202343104
MAC000002,2015-01-26 14:00:00,0.36151377633428644
MAC000002,2015-01-26 15:00:00,0.33074755093365443
MAC000002,2015-01-26 16:00:00,0.340146069485873
MAC000002,2015-01-26 17:00:00,0.4209654709995975
MAC000002,2015-01-26 18:00:00,0.5480106860036927
MAC000002,2015-01-26 19:00:00,0.7950412931394859
MAC000002,2015-01-26 20:00:00,0.8063789354060492
MAC000002,2015-01-26 21:00:00,0.6073827526952681
MAC000002,2015-01-26 22:00:00,0.6069231375020717
MAC000002,2015-01-26 23:00:00,0.5603880959423703
MAC000003,2015-01-26 0:00:00,2.333853335276802
MAC000003,2015-01-26 1:00:00,1.686883326918813
MAC000003,2015-01-26 2:00:00,0.9843071916180132
MAC000003,2015-01-26 3:00:00,0.8119355688990033
MAC000003,2015-01-26 4:00:00,0.6236903522387136
MAC000003,2015-01-26 5:00:00,0.7434515283524645
MAC000003,2015-01-26 6:00:00,0.8749405007325413
MAC000003,2015-01-26 7:00:00,0.47766779111337604
MAC000003,2015-01-26 8:00:00,0.39369987181620947
MAC000003,2015-01-26 9:00:00,0.36502686659778133
MAC000003,2015-01-26 10:00:00,0.3334891397754212
MAC000003,2015-01-26 11:00:00,0.3864039046480506
MAC000003,2015-01-26 12:00:00,0.4061210448550327
MAC000003,2015-01-26 13:00:00,0.3182114364509465
MAC000003,2015-01-26 14:00:00,0.23949496560790856
MAC000003,2015-01-26 15:00:00,0.21494323920033606
MAC000003,2015-01-26 16:00:00,0.24493663417679482
MAC000003,2015-01-26 17:00:00,0.29644629106867093
MAC000003,2015-01-26 18:00:00,0.35315590718164364
MAC000003,2015-01-26 19:00:00,0.35732279906221237
MAC000003,2015-01-26 20:00:00,0.33432727584948707
MAC000003,2015-01-26 21:00:00,0.2840985649260665
MAC000003,2015-01-26 22:00:00,0.25195663234412236
MAC000003,2015-01-26 23:00:00,0.20949562387254084
MAC000004,2015-01-26 0:00:00,0.4645787764128879
MAC000004,2015-01-26 1:00:00,0.4488816534028773
MAC000004,2015-01-26 2:00:00,0.47612004492372967
MAC000004,2015-01-26 3:00:00,0.503888385617269
MAC000004,2015-01-26 4:00:00,0.4370855118416674
MAC000004,2015-01-26 5:00:00,0.4752952282176816
MAC000004,2015-01-26 6:00:00,0.47924609843096216
MAC000004,2015-01-26 7:00:00,0.44456333138370335
MAC000004,2015-01-26 8:00:00,0.4924948429681898
MAC000004,2015-01-26 9:00:00,0.45846410850685004
MAC000004,2015-01-26 10:00:00,0.48694421491061485
MAC000004,2015-01-26 11:00:00,0.47327322713572134
MAC000004,2015-01-26 12:00:00,0.4390909496598392
MAC000004,2015-01-26 13:00:00,0.5020009537221135
MAC000004,2015-01-26 14:00:00,0.5046465329830303
MAC000004,2015-01-26 15:00:00,0.46412096578918594
MAC000004,2015-01-26 16:00:00,0.5101163417668358
MAC000004,2015-01-26 17:00:00,0.4403383798466199
MAC000004,2015-01-26 18:00:00,0.42397365875180815
MAC000004,2015-01-26 19:00:00,0.4006507740267799
MAC000004,2015-01-26 20:00:00,0.32223460255627356
MAC000004,2015-01-26 21:00:00,0.28999869931120786
MAC000004,2015-01-26 22:00:00,0.40881366393245344
MAC000004,2015-01-26 23:00:00,0.4326151394645122
MAC000006,2015-01-26 0:00:00,0.07987461969829913
MAC000006,2015-01-26 1:00:00,0.07261062888389104
MAC000006,2015-01-26 2:00:00,0.07072094231547678
MAC000006,2015-01-26 3:00:00,0.071391612190674
MAC000006,2015-01-26 4:00:00,0.07177512607696611
MAC000006,2015-01-26 5:00:00,0.076379068186311
MAC000006,2015-01-26 6:00:00,0.09629788661300714
MAC000006,2015-01-26 7:00:00,0.13534048323143347
MAC000006,2015-01-26 8:00:00,0.21010360624825217
MAC000006,2015-01-26 9:00:00,0.1882243302489624
MAC000006,2015-01-26 10:00:00,0.1457246504402644
MAC000006,2015-01-26 11:00:00,0.12350090982401822
MAC000006,2015-01-26 12:00:00,0.11903902430140717
MAC000006,2015-01-26 13:00:00,0.11100454075627028
MAC000006,2015-01-26 14:00:00,0.11047163544199888
MAC000006,2015-01-26 15:00:00,0.11262653550179087
MAC000006,2015-01-26 16:00:00,0.11806434252640115
MAC000006,2015-01-26 17:00:00,0.14653831745317877
MAC000006,2015-01-26 18:00:00,0.16307808694917483
MAC000006,2015-01-26 19:00:00,0.17487245702347806
MAC000006,2015-01-26 20:00:00,0.17294018129281807
MAC000006,2015-01-26 21:00:00,0.1568800784605745
MAC000006,2015-01-26 22:00:00,0.13866848988000163
MAC000006,2015-01-26 23:00:00,0.09780104988668885
MAC000007,2015-01-26 0:00:00,0.15101811870306894
MAC000007,2015-01-26 1:00:00,0.13477805824564884
MAC000007,2015-01-26 2:00:00,0.1357651959949587
MAC000007,2015-01-26 3:00:00,0.13677082430555923
MAC000007,2015-01-26 4:00:00,0.12853231465407824
MAC000007,2015-01-26 5:00:00,0.1312517797328219
MAC000007,2015-01-26 6:00:00,0.1344473035686581
MAC000007,2015-01-26 7:00:00,0.19879108660372433
MAC000007,2015-01-26 8:00:00,0.4113704769773852
MAC000007,2015-01-26 9:00:00,0.513469011011877
MAC000007,2015-01-26 10:00:00,0.41299518143732056
MAC000007,2015-01-26 11:00:00,0.37360941477670656
MAC000007,2015-01-26 12:00:00,0.36486112929359094
MAC000007,2015-01-26 13:00:00,0.3314828552585603
MAC000007,2015-01-26 14:00:00,0.2883140338220507
MAC000007,2015-01-26 15:00:00,0.25652605995517985
MAC000007,2015-01-26 16:00:00,0.2693427684554356
MAC000007,2015-01-26 17:00:00,0.4531908394644901
MAC000007,2015-01-26 18:00:00,0.6167483886874171
MAC000007,2015-01-26 19:00:00,0.5195000436297466
MAC000007,2015-01-26 20:00:00,0.47150578583049924
MAC000007,2015-01-26 21:00:00,0.491496728899693
MAC000007,2015-01-26 22:00:00,0.41947107994714433
MAC000007,2015-01-26 23:00:00,0.24451241083823264
MAC000008,2015-01-26 0:00:00,0.511155731948443
MAC000008,2015-01-26 1:00:00,0.45738236007158367
MAC000008,2015-01-26 2:00:00,0.4297103113108682
MAC000008,2015-01-26 3:00:00,0.41745339699949136
MAC000008,2015-01-26 4:00:00,0.41548513186424474
MAC000008,2015-01-26 5:00:00,0.4152430263631354
MAC000008,2015-01-26 6:00:00,0.435643759674998
MAC000008,2015-01-26 7:00:00,0.5842640844304815
MAC000008,2015-01-26 8:00:00,0.6412549856141118
MAC000008,2015-01-26 9:00:00,0.7152171976528716
MAC000008,2015-01-26 10:00:00,0.7217217555261832
MAC000008,2015-01-26 11:00:00,0.7065702791631396
MAC000008,2015-01-26 12:00:00,0.7240225212679936
MAC000008,2015-01-26 13:00:00,0.7517187546530786
MAC000008,2015-01-26 14:00:00,0.7172789874926605
MAC000008,2015-01-26 15:00:00,0.6703037051727204
MAC000008,2015-01-26 16:00:00,0.7050494027618017
MAC000008,2015-01-26 17:00:00,0.7708062163330085
MAC000008,2015-01-26 18:00:00,0.8369252536992896
MAC000008,2015-01-26 19:00:00,0.830112598372718
MAC000008,2015-01-26 20:00:00,0.8284391155043132
MAC000008,2015-01-26 21:00:00,0.8180303036082871
MAC000008,2015-01-26 22:00:00,0.704066551743309
MAC000008,2015-01-26 23:00:00,0.5827158115926453
MAC000009,2015-01-26 0:00:00,0.14346654763622396
MAC000009,2015-01-26 1:00:00,0.13365567328187955
MAC000009,2015-01-26 2:00:00,0.13802000271269105
MAC000009,2015-01-26 3:00:00,0.139885527635204
MAC000009,2015-01-26 4:00:00,0.14276909088879783
MAC000009,2015-01-26 5:00:00,0.1462096567270066
MAC000009,2015-01-26 6:00:00,0.1474402542962936
MAC000009,2015-01-26 7:00:00,0.21346396507091125
MAC000009,2015-01-26 8:00:00,0.35429014619022126
MAC000009,2015-01-26 9:00:00,0.38753981670908666
MAC000009,2015-01-26 10:00:00,0.361534264007462
MAC000009,2015-01-26 11:00:00,0.608110073080005
MAC000009,2015-01-26 12:00:00,0.6682954244999108
MAC000009,2015-01-26 13:00:00,0.3424318936659563
MAC000009,2015-01-26 14:00:00,0.29920036112299864
MAC000009,2015-01-26 15:00:00,0.3222662803400597
MAC000009,2015-01-26 16:00:00,0.38388493778923627
MAC000009,2015-01-26 17:00:00,0.4410139962052445
MAC000009,2015-01-26 18:00:00,0.3994967460211874
MAC000009,2015-01-26 19:00:00,0.4185342225037549
MAC000009,2015-01-26 20:00:00,0.41337186993877817
MAC000009,2015-01-26 21:00:00,0.4278802551904778
MAC000009,2015-01-26 22:00:00,0.39182954480518867
MAC000009,2015-01-26 23:00:00,0.21574140167761297
MAC000010,2015-01-26 0:00:00,0.6006217032953318
MAC000010,2015-01-26 1:00:00,0.4695987632027332
MAC000010,2015-01-26 2:00:00,0.42707907040235743
MAC000010,2015-01-26 3:00:00,0.36738638473935853
MAC000010,2015-01-26 4:00:00,0.3712849538988692
MAC000010,2015-01-26 5:00:00,0.45892408022661363
MAC000010,2015-01-26 6:00:00,0.5554295508751915
MAC000010,2015-01-26 7:00:00,0.7485437663822802
MAC000010,2015-01-26 8:00:00,0.9835629282777743
MAC000010,2015-01-26 9:00:00,1.0718789771217256
MAC000010,2015-01-26 10:00:00,1.004277026249641
MAC000010,2015-01-26 11:00:00,0.949898493544043
MAC000010,2015-01-26 12:00:00,1.017323001440993
MAC000010,2015-01-26 13:00:00,1.1176861753592489
MAC000010,2015-01-26 14:00:00,1.0970549011358854
MAC000010,2015-01-26 15:00:00,1.0320200290845587
MAC000010,2015-01-26 16:00:00,1.1064852413131663
MAC000010,2015-01-26 17:00:00,1.524218611092236
MAC000010,2015-01-26 18:00:00,2.0473349589957803
MAC000010,2015-01-26 19:00:00,1.7204387210721006
MAC000010,2015-01-26 20:00:00,1.5159087330606849
MAC000010,2015-01-26 21:00:00,1.42065911348648
MAC000010,2015-01-26 22:00:00,1.2173258699682776
MAC000010,2015-01-26 23:00:00,0.8823944364350249
MAC000011,2015-01-26 0:00:00,0.39904556213868925
MAC000011,2015-01-26 1:00:00,0.300635442710346
MAC000011,2015-01-26 2:00:00,0.2687339834471276
MAC000011,2015-01-26 3:00:00,0.2541302465125123
MAC000011,2015-01-26 4:00:00,0.31242077476680885
MAC000011,2015-01-26 5:00:00,0.4618715693638669
MAC000011,2015-01-26 6:00:00,0.4504151043717534
MAC000011,2015-01-26 7:00:00,0.4803964263505551
MAC000011,2015-01-26 8:00:00,0.4810105742049526
MAC000011,2015-01-26 9:00:00,0.38785639322913046
MAC000011,2015-01-26 10:00:00,0.3899322324830994
MAC000011,2015-01-26 11:00:00,0.44781598530826544
MAC000011,2015-01-26 12:00:00,0.4305932569804234
MAC000011,2015-01-26 13:00:00,0.41713441298973153
MAC000011,2015-01-26 14:00:00,0.428960274715575
MAC000011,2015-01-26 15:00:00,0.5076936615689186
MAC000011,2015-01-26 16:00:00,0.6911469545328477
MAC000011,2015-01-26 17:00:00,0.8909117107387439
MAC000011,2015-01-26 18:00:00,0.8965517530843046
MAC000011,2015-01-26 19:00:00,0.8696208497762511
MAC000011,2015-01-26 20:00:00,0.8992226828177842
MAC000011,2015-01-26 21:00:00,0.8744800538071312
MAC000011,2015-01-26 22:00:00,0.7252936622909308
MAC000011,2015-01-26 23:00:00,0.5315194322443404
MAC000012,2015-01-26 0:00:00,0.0920090072443273
MAC000012,2015-01-26 1:00:00,0.08873699995944444
MAC000012,2015-01-26 2:00:00,0.08132596065870912
MAC000012,2015-01-26 3:00:00,0.08067116219118042
MAC000012,2015-01-26 4:00:00,0.07779170704778601
MAC000012,2015-01-26 5:00:00,0.08638003403710476
MAC000012,2015-01-26 6:00:00,0.08003556728347651
MAC000012,2015-01-26 7:00:00,0.08443485859543558
MAC000012,2015-01-26 8:00:00,0.10039090480472547
MAC000012,2015-01-26 9:00:00,0.11230490865095615
MAC000012,2015-01-26 10:00:00,0.11392442813486715
MAC000012,2015-01-26 11:00:00,0.11111394682421662
MAC000012,2015-01-26 12:00:00,0.1111285856962014
MAC000012,2015-01-26 13:00:00,0.10334461951174774
MAC000012,2015-01-26 14:00:00,0.09916888239982677
MAC000012,2015-01-26 15:00:00,0.09023461636279646
MAC000012,2015-01-26 16:00:00,0.09603937537116124
MAC000012,2015-01-26 17:00:00,0.1067856207710277
MAC000012,2015-01-26 18:00:00,0.11316917522568971
MAC000012,2015-01-26 19:00:00,0.11179451421981813
MAC000012,2015-01-26 20:00:00,0.11103356355834204
MAC000012,2015-01-26 21:00:00,0.1064930346640439
MAC000012,2015-01-26 22:00:00,0.10533212436990276
MAC000012,2015-01-26 23:00:00,0.10663324500165174
MAC000013,2015-01-26 0:00:00,0.18572701351548018
MAC000013,2015-01-26 1:00:00,0.16789535178862752
MAC000013,2015-01-26 2:00:00,0.15494716437203393
MAC000013,2015-01-26 3:00:00,0.15055124519115512
MAC000013,2015-01-26 4:00:00,0.1464218801656593
MAC000013,2015-01-26 5:00:00,0.14386542293800195
MAC000013,2015-01-26 6:00:00,0.15611473990480804
MAC000013,2015-01-26 7:00:00,0.16120911485576178
MAC000013,2015-01-26 8:00:00,0.17418220387916877
MAC000013,2015-01-26 9:00:00,0.19046480253912396
MAC000013,2015-01-26 10:00:00,0.17460092464082225
MAC000013,2015-01-26 11:00:00,0.15809806868665277
MAC000013,2015-01-26 12:00:00,0.15518919646156032
MAC000013,2015-01-26 13:00:00,0.17155730135437358
MAC000013,2015-01-26 14:00:00,0.1900062070251608
MAC000013,2015-01-26 15:00:00,0.2003335021973119
MAC000013,2015-01-26 16:00:00,0.2280950746865275
MAC000013,2015-01-26 17:00:00,0.25705191057470067
MAC000013,2015-01-26 18:00:00,0.2890672663366859
MAC000013,2015-01-26 19:00:00,0.31734879156660073
MAC000013,2015-01-26 20:00:00,0.32705745880066656
MAC000013,2015-01-26 21:00:00,0.31969824125986424
MAC000013,2015-01-26 22:00:00,0.2655422823879403
MAC000013,2015-01-26 23:00:00,0.21751476043251164
MAC000016,2015-01-26 0:00:00,0.02203842977781884
MAC000016,2015-01-26 1:00:00,0.04867996011587219
MAC000016,2015-01-26 2:00:00,0.10859003626697399
MAC000016,2015-01-26 3:00:00,0.11187155947175297
MAC000016,2015-01-26 4:00:00,0.10906793696923149
MAC000016,2015-01-26 5:00:00,0.11036578704083633
MAC000016,2015-01-26 6:00:00,0.10358951129639224
MAC000016,2015-01-26 7:00:00,0.11298190725425805
MAC000016,2015-01-26 8:00:00,0.12728275072777986
MAC000016,2015-01-26 9:00:00,0.14190510325467487
MAC000016,2015-01-26 10:00:00,0.13787887418035122
MAC000016,2015-01-26 11:00:00,0.15449149158706793
MAC000016,2015-01-26 12:00:00,0.15447701915524928
MAC000016,2015-01-26 13:00:00,0.14832828394475214
MAC000016,2015-01-26 14:00:00,0.13700016574363935
MAC000016,2015-01-26 15:00:00,0.08464918968358874
MAC000016,2015-01-26 16:00:00,0.033402205773082644
MAC000016,2015-01-26 17:00:00,0.042948634091176274
MAC000016,2015-01-26 18:00:00,0.045241257622860305
MAC000016,2015-01-26 19:00:00,0.04290124025128281
MAC000016,2015-01-26 20:00:00,0.03584453045661028
MAC000016,2015-01-26 21:00:00,0.035164489855289985
MAC000016,2015-01-26 22:00:00,0.034758805878621894
MAC000016,2015-01-26 23:00:00,0.031803983575287596
MAC000018,2015-01-26 0:00:00,0.4571409442030227
MAC000018,2015-01-26 1:00:00,0.4058697360503698
MAC000018,2015-01-26 2:00:00,0.36272357258433924
MAC000018,2015-01-26 3:00:00,0.33224691669607376
MAC000018,2015-01-26 4:00:00,0.3179847119276567
MAC000018,2015-01-26 5:00:00,0.30041325626103527
MAC000018,2015-01-26 6:00:00,0.29296946188531087
MAC000018,2015-01-26 7:00:00,0.3157057515001434
MAC000018,2015-01-26 8:00:00,0.3193386210853265
MAC000018,2015-01-26 9:00:00,0.32253304895314255
MAC000018,2015-01-26 10:00:00,0.32754984663241665
MAC000018,2015-01-26 11:00:00,0.32989284141662395
MAC000018,2015-01-26 12:00:00,0.33535411305272056
MAC000018,2015-01-26 13:00:00,0.36811928241941416
MAC000018,2015-01-26 14:00:00,0.38181610766627117
MAC000018,2015-01-26 15:00:00,0.3813779231061563
MAC000018,2015-01-26 16:00:00,0.38232850709828525
MAC000018,2015-01-26 17:00:00,0.412067756430503
MAC000018,2015-01-26 18:00:00,0.45287860337890323
MAC000018,2015-01-26 19:00:00,0.45893021769857867
MAC000018,2015-01-26 20:00:00,0.4819262356652132
MAC000018,2015-01-26 21:00:00,0.5225195548296231
MAC000018,2015-01-26 22:00:00,0.5307208328880965
MAC000018,2015-01-26 23:00:00,0.5000141789529088
MAC000019,2015-01-26 0:00:00,0.1442417889210635
MAC000019,2015-01-26 1:00:00,0.12420371235394223
MAC000019,2015-01-26 2:00:00,0.12284147414578765
MAC000019,2015-01-26 3:00:00,0.12321552060610466
MAC000019,2015-01-26 4:00:00,0.12306035362622146
MAC000019,2015-01-26 5:00:00,0.12199835816926302
MAC000019,2015-01-26 6:00:00,0.1300082553440237
MAC000019,2015-01-26 7:00:00,0.17841363555034404
MAC000019,2015-01-26 8:00:00,0.257242404978015
MAC000019,2015-01-26 9:00:00,0.28800796702568715
MAC000019,2015-01-26 10:00:00,0.2175229137230509
MAC000019,2015-01-26 11:00:00,0.2491498738503923
MAC000019,2015-01-26 12:00:00,0.28284107389751123
MAC000019,2015-01-26 13:00:00,0.2441335056008932
MAC000019,2015-01-26 14:00:00,0.2257752713877112
MAC000019,2015-01-26 15:00:00,0.24386106312047373
MAC000019,2015-01-26 16:00:00,0.3108441271335156
MAC000019,2015-01-26 17:00:00,0.3731169599474152
MAC000019,2015-01-26 18:00:00,0.2765718606770613
MAC000019,2015-01-26 19:00:00,0.24393616199886267
MAC000019,2015-01-26 20:00:00,0.2457879912096152
MAC000019,2015-01-26 21:00:00,0.24976928676896734
MAC000019,2015-01-26 22:00:00,0.2303269408331756
MAC000019,2015-01-26 23:00:00,0.1786786927415644
MAC000020,2015-01-26 0:00:00,0.12511943770547915
MAC000020,2015-01-26 1:00:00,0.11632866298079174
MAC000020,2015-01-26 2:00:00,0.11645571193891752
MAC000020,2015-01-26 3:00:00,0.11770013639329471
MAC000020,2015-01-26 4:00:00,0.1201551820985577
MAC000020,2015-01-26 5:00:00,0.125132094488669
MAC000020,2015-01-26 6:00:00,0.16027061093913328
MAC000020,2015-01-26 7:00:00,0.21292392868139493
MAC000020,2015-01-26 8:00:00,0.25132998404718637
MAC000020,2015-01-26 9:00:00,0.28006091307864783
MAC000020,2015-01-26 10:00:00,0.28032969185232204
MAC000020,2015-01-26 11:00:00,0.25254664320911074
MAC000020,2015-01-26 12:00:00,0.24620555882359815
MAC000020,2015-01-26 13:00:00,0.2216036219463966
MAC000020,2015-01-26 14:00:00,0.19804685974392902
MAC000020,2015-01-26 15:00:00,0.20842977933716672
MAC000020,2015-01-26 16:00:00,0.24009290019147697
MAC000020,2015-01-26 17:00:00,0.34420523786993235
MAC000020,2015-01-26 18:00:00,0.4319447523284315
MAC000020,2015-01-26 19:00:00,0.3661666615314872
MAC000020,2015-01-26 20:00:00,0.3355259701735495
MAC000020,2015-01-26 21:00:00,0.3234656527133067
MAC000020,2015-01-26 22:00:00,0.2531604581602453
MAC000020,2015-01-26 23:00:00,0.16020603713533452
MAC000021,2015-01-26 0:00:00,0.7979172008838045
MAC000021,2015-01-26 1:00:00,0.7493828724880464
MAC000021,2015-01-26 2:00:00,0.7406396236322287
MAC000021,2015-01-26 3:00:00,0.7384256004513073
MAC000021,2015-01-26 4:00:00,0.7333883377813226
MAC000021,2015-01-26 5:00:00,0.7629409814366689
MAC000021,2015-01-26 6:00:00,0.8183440272449759
MAC000021,2015-01-26 7:00:00,0.888439882831512
MAC000021,2015-01-26 8:00:00,0.9729753103922499
MAC000021,2015-01-26 9:00:00,0.9637505605642867
MAC000021,2015-01-26 10:00:00,0.9149636737181313
MAC000021,2015-01-26 11:00:00,0.8759962087336154
MAC000021,2015-01-26 12:00:00,0.8295500479172403
MAC000021,2015-01-26 13:00:00,0.838215363726744
MAC000021,2015-01-26 14:00:00,0.8239367947584634
MAC000021,2015-01-26 15:00:00,0.8126974765500103
MAC000021,2015-01-26 16:00:00,0.8606916961419045
MAC000021,2015-01-26 17:00:00,0.9111646166327371
MAC000021,2015-01-26 18:00:00,0.9535465976005515
MAC000021,2015-01-26 19:00:00,0.9967274357368712
MAC000021,2015-01-26 20:00:00,1.035555285169979
MAC000021,2015-01-26 21:00:00,1.021266175970339
MAC000021,2015-01-26 22:00:00,0.9971722841035455
MAC000021,2015-01-26 23:00:00,0.9028662276143831
MAC000022,2015-01-26 0:00:00,0.6086497830124029
MAC000022,2015-01-26 1:00:00,0.4456398267564033
MAC000022,2015-01-26 2:00:00,0.3020541477085419
MAC000022,2015-01-26 3:00:00,0.259053219409371
MAC000022,2015-01-26 4:00:00,0.24627814222670724
MAC000022,2015-01-26 5:00:00,0.23584597048073144
MAC000022,2015-01-26 6:00:00,0.2303638484652356
MAC000022,2015-01-26 7:00:00,0.23211696845859037
MAC000022,2015-01-26 8:00:00,0.28457086230258055
MAC000022,2015-01-26 9:00:00,0.35812216225705024
MAC000022,2015-01-26 10:00:00,0.3720755655485554
MAC000022,2015-01-26 11:00:00,0.3664455022411394
MAC000022,2015-01-26 12:00:00,0.3812038318763096
MAC000022,2015-01-26 13:00:00,0.3990815134829905
MAC000022,2015-01-26 14:00:00,0.3683564445457299
MAC000022,2015-01-26 15:00:00,0.368747850128744
MAC000022,2015-01-26 16:00:00,0.4093352156902705
MAC000022,2015-01-26 17:00:00,0.47702230570470505
MAC000022,2015-01-26 18:00:00,0.5715986064826291
MAC000022,2015-01-26 19:00:00,0.6424455768990371
MAC000022,2015-01-26 20:00:00,0.6557515520567719
MAC000022,2015-01-26 21:00:00,0.6359197095741607
MAC000022,2015-01-26 22:00:00,0.6205077092496757
MAC000022,2015-01-26 23:00:00,0.616113855238313
MAC000023,2015-01-26 0:00:00,0.2459384932814285
MAC000023,2015-01-26 1:00:00,0.17577666780504056
MAC000023,2015-01-26 2:00:00,0.1588560214673019
MAC000023,2015-01-26 3:00:00,0.15222246514331916
MAC000023,2015-01-26 4:00:00,0.14584473834715925
MAC000023,2015-01-26 5:00:00,0.1710530278635662
MAC000023,2015-01-26 6:00:00,0.22561239949650988
MAC000023,2015-01-26 7:00:00,0.3503990859717564
MAC000023,2015-01-26 8:00:00,0.5268488053679953
MAC000023,2015-01-26 9:00:00,0.5509253777186554
MAC000023,2015-01-26 10:00:00,0.5094003414826789
MAC000023,2015-01-26 11:00:00,0.4622605943756774
MAC000023,2015-01-26 12:00:00,0.5045613423138476
MAC000023,2015-01-26 13:00:00,0.5880998771711877
MAC000023,2015-01-26 14:00:00,0.5679135431497134
MAC000023,2015-01-26 15:00:00,0.5330940794802459
MAC000023,2015-01-26 16:00:00,0.5274239145202801
MAC000023,2015-01-26 17:00:00,0.5643191417259195
MAC000023,2015-01-26 18:00:00,0.6958131147826486
MAC000023,2015-01-26 19:00:00,0.8603002128473166
MAC000023,2015-01-26 20:00:00,0.862541616383057
MAC000023,2015-01-26 21:00:00,0.7015536523973067
MAC000023,2015-01-26 22:00:00,0.5344373574258448
MAC000023,2015-01-26 23:00:00,0.3626205827476403
MAC000024,2015-01-26 0:00:00,0.9970187814466156
MAC000024,2015-01-26 1:00:00,0.7240433523923813
MAC000024,2015-01-26 2:00:00,0.3864079675503717
MAC000024,2015-01-26 3:00:00,0.3081675891091525
MAC000024,2015-01-26 4:00:00,0.2776045507298722
MAC000024,2015-01-26 5:00:00,0.26631657263764863
MAC000024,2015-01-26 6:00:00,0.332236955972654
MAC000024,2015-01-26 7:00:00,0.2239114222116824
MAC000024,2015-01-26 8:00:00,0.2145338168018404
MAC000024,2015-01-26 9:00:00,0.29114094224452686
MAC000024,2015-01-26 10:00:00,0.4060613898856548
MAC000024,2015-01-26 11:00:00,0.49959551537801833
MAC000024,2015-01-26 12:00:00,0.5519988029176869
MAC000024,2015-01-26 13:00:00,0.5670492041091142
MAC000024,2015-01-26 14:00:00,0.49487680150554325
MAC000024,2015-01-26 15:00:00,0.4091465314991325
MAC000024,2015-01-26 16:00:00,0.3656798717010165
MAC000024,2015-01-26 17:00:00,0.33975713103616595
MAC000024,2015-01-26 18:00:00,0.3996302929096523
MAC000024,2015-01-26 19:00:00,0.5172152849963966
MAC000024,2015-01-26 20:00:00,0.5819648871621782
MAC000024,2015-01-26 21:00:00,0.6037928547269513
MAC000024,2015-01-26 22:00:00,0.6420471044175285
MAC000024,2015-01-26 23:00:00,0.5222292456365638
MAC000025,2015-01-26 0:00:00,0.02885699875740939
MAC000025,2015-01-26 1:00:00,0.027762068519712992
MAC000025,2015-01-26 2:00:00,0.02835666388570416
MAC000025,2015-01-26 3:00:00,0.02820641274090239
MAC000025,2015-01-26 4:00:00,0.02837086522474081
MAC000025,2015-01-26 5:00:00,0.0351466461451156
MAC000025,2015-01-26 6:00:00,0.053204085048457396
MAC000025,2015-01-26 7:00:00,0.15091681340412152
MAC000025,2015-01-26 8:00:00,0.23182183805074716
MAC000025,2015-01-26 9:00:00,0.13642486534131654
MAC000025,2015-01-26 10:00:00,0.10576803329309936
MAC000025,2015-01-26 11:00:00,0.12825757589942563
MAC000025,2015-01-26 12:00:00,0.16643434470271126
MAC000025,2015-01-26 13:00:00,0.26318565119147913
MAC000025,2015-01-26 14:00:00,0.34377811173315426
MAC000025,2015-01-26 15:00:00,0.2554464562826434
MAC000025,2015-01-26 16:00:00,0.1646272801267495
MAC000025,2015-01-26 17:00:00,0.1442549691471243
MAC000025,2015-01-26 18:00:00,0.1379177548246999
MAC000025,2015-01-26 19:00:00,0.11113281808666119
MAC000025,2015-01-26 20:00:00,0.06485347616890495
MAC000025,2015-01-26 21:00:00,0.04067865759140761
MAC000025,2015-01-26 22:00:00,0.03060187151850454
MAC000025,2015-01-26 23:00:00,0.02872855336429757
MAC000026,2015-01-26 0:00:00,0.34458359776754865
MAC000026,2015-01-26 1:00:00,0.30827232788433084
MAC000026,2015-01-26 2:00:00,0.3029455583614487
MAC000026,2015-01-26 3:00:00,0.3039582375253812
MAC000026,2015-01-26 4:00:00,0.3030315576194798
MAC000026,2015-01-26 5:00:00,0.30091462106998557
MAC000026,2015-01-26 6:00:00,0.3354599035285851
MAC000026,2015-01-26 7:00:00,0.45767557477396803
MAC000026,2015-01-26 8:00:00,0.575246982640819
MAC000026,2015-01-26 9:00:00,0.652008272802579
MAC000026,2015-01-26 10:00:00,0.6681100851196715
MAC000026,2015-01-26 11:00:00,0.6064872970800769
MAC000026,2015-01-26 12:00:00,0.4655581283108008
MAC000026,2015-01-26 13:00:00,0.3969408912190623
MAC000026,2015-01-26 14:00:00,0.37149193008941056
MAC000026,2015-01-26 15:00:00,0.3670008424277787
MAC000026,2015-01-26 16:00:00,0.3869482483592281
MAC000026,2015-01-26 17:00:00,0.41755068122748046
MAC000026,2015-01-26 18:00:00,0.4654582680573663
MAC000026,2015-01-26 19:00:00,0.4863373209636186
MAC000026,2015-01-26 20:00:00,0.4800746297565363
MAC000026,2015-01-26 21:00:00,0.4727518129790102
MAC000026,2015-01-26 22:00:00,0.5029085835087603
MAC000026,2015-01-26 23:00:00,0.4362912779028205
MAC000027,2015-01-26 0:00:00,0.35269401171959486
MAC000027,2015-01-26 1:00:00,0.29844048457874395
MAC000027,2015-01-26 2:00:00,0.2624433570064711
MAC000027,2015-01-26 3:00:00,0.24295790775764045
MAC000027,2015-01-26 4:00:00,0.250775307532913
MAC000027,2015-01-26 5:00:00,0.28517137822722904
MAC000027,2015-01-26 6:00:00,0.3507053087180034
MAC000027,2015-01-26 7:00:00,0.42455090085396374
MAC000027,2015-01-26 8:00:00,0.39042865169331514
MAC000027,2015-01-26 9:00:00,0.34179891700480974
MAC000027,2015-01-26 10:00:00,0.30214856866797524
MAC000027,2015-01-26 11:00:00,0.29944149372016515
MAC000027,2015-01-26 12:00:00,0.315500497147791
MAC000027,2015-01-26 13:00:00,0.3081675664958442
MAC000027,2015-01-26 14:00:00,0.3032179240750169
MAC000027,2015-01-26 15:00:00,0.2969765233742743
MAC000027,2015-01-26 16:00:00,0.29623037947379227
MAC000027,2015-01-26 17:00:00,0.3080964676278314
MAC000027,2015-01-26 18:00:00,0.3570707616279552
MAC000027,2015-01-26 19:00:00,0.42138100615891233
MAC000027,2015-01-26 20:00:00,0.4566999413042436
MAC000027,2015-01-26 21:00:00,0.4493589748238011
MAC000027,2015-01-26 22:00:00,0.4365624846437567
MAC000027,2015-01-26 23:00:00,0.40248284259038186
MAC000028,2015-01-26 0:00:00,0.13644725803214344
MAC000028,2015-01-26 1:00:00,0.13257905734779415
MAC000028,2015-01-26 2:00:00,0.12945599009453038
MAC000028,2015-01-26 3:00:00,0.1292004586310387
MAC000028,2015-01-26 4:00:00,0.12754388457812751
MAC000028,2015-01-26 5:00:00,0.1257309493859383
MAC000028,2015-01-26 6:00:00,0.11966535893828215
MAC000028,2015-01-26 7:00:00,0.1711955444000233
MAC000028,2015-01-26 8:00:00,0.16977768177952482
MAC000028,2015-01-26 9:00:00,0.1921364231287089
MAC000028,2015-01-26 10:00:00,0.17594325614766237
MAC000028,2015-01-26 11:00:00,0.15716274057685023
MAC000028,2015-01-26 12:00:00,0.14712365604056762
MAC000028,2015-01-26 13:00:00,0.14553262690375945
MAC000028,2015-01-26 14:00:00,0.1501674403271733
MAC000028,2015-01-26 15:00:00,0.15700313787542547
MAC000028,2015-01-26 16:00:00,0.16399008080032632
MAC000028,2015-01-26 17:00:00,0.196087913470785
MAC000028,2015-01-26 18:00:00,0.2047606975964555
MAC000028,2015-01-26 19:00:00,0.20367894190351413
MAC000028,2015-01-26 20:00:00,0.19307206882080158
MAC000028,2015-01-26 21:00:00,0.17672998299739423
MAC000028,2015-01-26 22:00:00,0.1486646669563135
MAC000028,2015-01-26 23:00:00,0.13541731662045914
MAC000029,2015-01-26 0:00:00,0.0920450692365905
MAC000029,2015-01-26 1:00:00,0.09078671921630757
MAC000029,2015-01-26 2:00:00,0.09391193460533956
MAC000029,2015-01-26 3:00:00,0.08932302289818883
MAC000029,2015-01-26 4:00:00,0.08534301465657144
MAC000029,2015-01-26 5:00:00,0.09275718845098721
MAC000029,2015-01-26 6:00:00,0.10776088017252282
MAC000029,2015-01-26 7:00:00,0.13698429595197742
MAC000029,2015-01-26 8:00:00,0.12595269520636015
MAC000029,2015-01-26 9:00:00,0.08973764464168053
MAC000029,2015-01-26 10:00:00,0.08563644973795927
MAC000029,2015-01-26 11:00:00,0.08133980865204946
MAC000029,2015-01-26 12:00:00,0.09334056218691769
MAC000029,2015-01-26 13:00:00,0.11324589891477647
MAC000029,2015-01-26 14:00:00,0.13640518113707298
MAC000029,2015-01-26 15:00:00,0.14780455928382122
MAC000029,2015-01-26 16:00:00,0.1453439524963738
MAC000029,2015-01-26 17:00:00,0.13831540145434937
MAC000029,2015-01-26 18:00:00,0.1266447798673337
MAC000029,2015-01-26 19:00:00,0.11480398819944652
MAC000029,2015-01-26 20:00:00,0.10504513285210568
MAC000029,2015-01-26 21:00:00,0.09921468638268276
MAC000029,2015-01-26 22:00:00,0.0931101140594215
MAC000029,2015-01-26 23:00:00,0.08819433778795224
MAC000030,2015-01-26 0:00:00,0.21745314832229007
MAC000030,2015-01-26 1:00:00,0.20214893445803622
MAC000030,2015-01-26 2:00:00,0.1952837962707063
MAC000030,2015-01-26 3:00:00,0.18951437026162013
MAC000030,2015-01-26 4:00:00,0.1889303133263224
MAC000030,2015-01-26 5:00:00,0.19099126272408956
MAC000030,2015-01-26 6:00:00,0.22327466518627043
MAC000030,2015-01-26 7:00:00,0.30784976194330593
MAC000030,2015-01-26 8:00:00,0.38215501866414875
MAC000030,2015-01-26 9:00:00,0.40370618618997717
MAC000030,2015-01-26 10:00:00,0.39052979448552433
MAC000030,2015-01-26 11:00:00,0.3588656241999218
MAC000030,2015-01-26 12:00:00,0.32769795671807245
MAC000030,2015-01-26 13:00:00,0.3167012550639895
MAC000030,2015-01-26 14:00:00,0.3556791786157915
MAC000030,2015-01-26 15:00:00,0.39408414170352557
MAC000030,2015-01-26 16:00:00,0.43562458378251734
MAC000030,2015-01-26 17:00:00,0.5114917426576404
MAC000030,2015-01-26 18:00:00,0.5715796971126392
MAC000030,2015-01-26 19:00:00,0.5186186050123223
MAC000030,2015-01-26 20:00:00,0.48154145547084964
MAC000030,2015-01-26 21:00:00,0.49307280895232675
MAC000030,2015-01-26 22:00:00,0.40235337255364506
MAC000030,2015-01-26 23:00:00,0.27593060429033445
MAC000032,2015-01-26 0:00:00,1.7558368644979214
MAC000032,2015-01-26 1:00:00,1.1756986313635904
MAC000032,2015-01-26 2:00:00,0.6698659246929548
MAC000032,2015-01-26 3:00:00,0.5389843771757972
MAC000032,2015-01-26 4:00:00,0.402173307413041
MAC000032,2015-01-26 5:00:00,0.261034972733159
MAC000032,2015-01-26 6:00:00,0.25673277364169056
MAC000032,2015-01-26 7:00:00,0.15340686376131346
MAC000032,2015-01-26 8:00:00,0.11544411535109901
MAC000032,2015-01-26 9:00:00,0.10165133705388683
MAC000032,2015-01-26 10:00:00,0.11026392019826435
MAC000032,2015-01-26 11:00:00,0.1455729163670202
MAC000032,2015-01-26 12:00:00,0.13465735978206478
MAC000032,2015-01-26 13:00:00,0.10286849570988098
MAC000032,2015-01-26 14:00:00,0.08838584872181868
MAC000032,2015-01-26 15:00:00,0.10293549211959348
MAC000032,2015-01-26 16:00:00,0.14069482646123443
MAC000032,2015-01-26 17:00:00,0.14072991378640642
MAC000032,2015-01-26 18:00:00,0.12765125593177323
MAC000032,2015-01-26 19:00:00,0.12760731287737118
MAC000032,2015-01-26 20:00:00,0.13159080237603688
MAC000032,2015-01-26 21:00:00,0.13461474903756068
MAC000032,2015-01-26 22:00:00,0.1008522113657209
MAC000032,2015-01-26 23:00:00,0.06718239333907693
MAC000033,2015-01-26 0:00:00,0.3243161790297061
MAC000033,2015-01-26 1:00:00,0.22745423766605266
MAC000033,2015-01-26 2:00:00,0.16536099442977528
MAC000033,2015-01-26 3:00:00,0.13857212804570548
MAC000033,2015-01-26 4:00:00,0.13166425961622613
MAC000033,2015-01-26 5:00:00,0.1359770035125034
MAC000033,2015-01-26 6:00:00,0.16132197875643162
MAC000033,2015-01-26 7:00:00,0.22419790604546158
MAC000033,2015-01-26 8:00:00,0.30441691336099314
MAC000033,2015-01-26 9:00:00,0.3177790430054346
MAC000033,2015-01-26 10:00:00,0.287911830111762
MAC000033,2015-01-26 11:00:00,0.2642233335175645
MAC000033,2015-01-26 12:00:00,0.2487389656405892
MAC000033,2015-01-26 13:00:00,0.24350983292696565
MAC000033,2015-01-26 14:00:00,0.23648368112935825
MAC000033,2015-01-26 15:00:00,0.23737649812579287
MAC000033,2015-01-26 16:00:00,0.2537401682988671
MAC000033,2015-01-26 17:00:00,0.29491930021937346
MAC000033,2015-01-26 18:00:00,0.3353741345443549
MAC000033,2015-01-26 19:00:00,0.38371149453522607
MAC000033,2015-01-26 20:00:00,0.47785826578522433
MAC000033,2015-01-26 21:00:00,0.5029137130960275
MAC000033,2015-01-26 22:00:00,0.4438567412815874
MAC000033,2015-01-26 23:00:00,0.388672687261557
MAC000034,2015-01-26 0:00:00,1.6057604086299242
MAC000034,2015-01-26 1:00:00,1.781674233719425
MAC000034,2015-01-26 2:00:00,1.7201835895992097
MAC000034,2015-01-26 3:00:00,1.311421239354168
MAC000034,2015-01-26 4:00:00,0.9490489208478974
MAC000034,2015-01-26 5:00:00,0.8783330002469223
MAC000034,2015-01-26 6:00:00,0.7476568137724052
MAC000034,2015-01-26 7:00:00,0.24368757452761117
MAC000034,2015-01-26 8:00:00,0.14913881537207122
MAC000034,2015-01-26 9:00:00,0.2077065709162929
MAC000034,2015-01-26 10:00:00,0.2844694026961945
MAC000034,2015-01-26 11:00:00,0.2916918864902318
MAC000034,2015-01-26 12:00:00,0.2741894222305167
MAC000034,2015-01-26 13:00:00,0.2566675049929958
MAC000034,2015-01-26 14:00:00,0.2403222458864525
MAC000034,2015-01-26 15:00:00,0.22158742221480926
MAC000034,2015-01-26 16:00:00,0.2262241667180055
MAC000034,2015-01-26 17:00:00,0.2730996236316779
MAC000034,2015-01-26 18:00:00,0.3180528238204128
MAC000034,2015-01-26 19:00:00,0.3487693355122864
MAC000034,2015-01-26 20:00:00,0.3894967881469851
MAC000034,2015-01-26 21:00:00,0.4062829345726158
MAC000034,2015-01-26 22:00:00,0.40979595029543364
MAC000034,2015-01-26 23:00:00,0.39794949263856877
MAC000035,2015-01-26 0:00:00,0.5545739617516998
MAC000035,2015-01-26 1:00:00,0.47241552195466524
MAC000035,2015-01-26 2:00:00,0.4453107997602466
MAC000035,2015-01-26 3:00:00,0.43045999718106265
MAC000035,2015-01-26 4:00:00,0.42305551650124484
MAC000035,2015-01-26 5:00:00,0.42105164134561024
MAC000035,2015-01-26 6:00:00,0.42809240211599675
MAC000035,2015-01-26 7:00:00,0.4471812022802256
MAC000035,2015-01-26 8:00:00,0.5436258929288752
MAC000035,2015-01-26 9:00:00,0.710038227942578
MAC000035,2015-01-26 10:00:00,0.9274929985609005
MAC000035,2015-01-26 11:00:00,1.0420703735792005
MAC000035,2015-01-26 12:00:00,1.0784742134270937
MAC000035,2015-01-26 13:00:00,1.0600341459899154
MAC000035,2015-01-26 14:00:00,0.9964803384010709
MAC000035,2015-01-26 15:00:00,0.954473740536041
MAC000035,2015-01-26 16:00:00,0.962351050393438
MAC000035,2015-01-26 17:00:00,1.0144887729470682
MAC000035,2015-01-26 18:00:00,1.049681944401907
MAC000035,2015-01-26 19:00:00,1.0904913816895878
MAC000035,2015-01-26 20:00:00,1.0329498060765392
MAC000035,2015-01-26 21:00:00,0.9599639494924357
MAC000035,2015-01-26 22:00:00,0.8255472092213018
MAC000035,2015-01-26 23:00:00,0.6780707795760549
MAC000036,2015-01-26 0:00:00,0.0384564989863221
MAC000036,2015-01-26 1:00:00,0.05008292379789284
MAC000036,2015-01-26 2:00:00,0.05249099085396584
MAC000036,2015-01-26 3:00:00,0.052608892786419614
MAC000036,2015-01-26 4:00:00,0.04909026225134492
MAC000036,2015-01-26 5:00:00,0.055961375163501935
MAC000036,2015-01-26 6:00:00,0.05866135308029208
MAC000036,2015-01-26 7:00:00,0.16488812725199087
MAC000036,2015-01-26 8:00:00,0.14037441025773073
MAC000036,2015-01-26 9:00:00,0.10478988927898981
MAC000036,2015-01-26 10:00:00,0.0630180844722797
MAC000036,2015-01-26 11:00:00,0.0822491217789869
MAC000036,2015-01-26 12:00:00,0.1095164073394899
MAC000036,2015-01-26 13:00:00,0.09612227588855086
MAC000036,2015-01-26 14:00:00,0.11112609714172418
MAC000036,2015-01-26 15:00:00,0.13348101117223266
MAC000036,2015-01-26 16:00:00,0.1575989359387102
MAC000036,2015-01-26 17:00:00,0.15473708589376595
MAC000036,2015-01-26 18:00:00,0.16157662584453122
MAC000036,2015-01-26 19:00:00,0.17773396730208021
MAC000036,2015-01-26 20:00:00,0.169680475832264
MAC000036,2015-01-26 21:00:00,0.11898624985937578
MAC000036,2015-01-26 22:00:00,0.055522949000547696
MAC000036,2015-01-26 23:00:00,0.03942667645112154
